"pet_id","acc_id","pet_name","pet_date_of_birth","pet_species","pet_breed","pet_gender","pet_color","pet_remarks","pet_status","pet_date_added","pet_death_datetime","pet_cause_of_death","pet_image","pet_image_thumb","acc_id","acc_username","acc_password","acc_last_name","acc_first_name","acc_type","acc_failed_login","acc_status","acc_gender","acc_address","acc_contact",
"1","1","Blacky","2017-02-20","Canine","Chow-chow","male","yellow brown","Cras ultricies ligula sed magna dictum porta. Praesent sapien massa, convallis a pellentesque nec, egestas non nisi. Quisque velit nisi, pretium ut lacinia in, elementum id enim. Quisque velit nisi, pretium ut lacinia in, elementum id enim. Proin eget tortor risus. Sed porttitor lectus nibh. Sed porttitor lectus nibh. Curabitur arcu erat, accumsan id imperdiet et, porttitor at sem. Cras ultricies ligula sed magna dictum porta. Curabitur arcu erat, accumsan id imperdiet et, porttitor at sem.","active","2017-02-20","0000-00-00","","433a4ababd5fb4b766c187e32b9f7d62.jpg","433a4ababd5fb4b766c187e32b9f7d62_thumb.jpg","developer@vet.com","693f615e87b08bf7a6571c007e576279","Developer","Zeaple","admin","0","active","male","Blk 5. Lot 56 villa Espana 2 Tatalon","2147483647",
"2","2","master pet","2009-02-10","Canine","Pusakal","female","orange","Cras ultricies ligula sed magna dictum porta. Curabitur non nulla sit amet nisl tempus convallis quis ac lectus. Cras ultricies ligula sed magna dictum porta. Vivamus suscipit tortor eget felis porttitor volutpat. Lorem ipsum dolor sit amet, consectetur adipiscing elit. Vivamus suscipit tortor eget felis porttitor volutpat. Donec rutrum congue leo eget malesuada. Vivamus suscipit tortor eget felis porttitor volutpat. Vestibulum ante ipsum primis in faucibus orci luctus et ultrices posuere cubilia Curae; Donec velit neque, auctor sit amet aliquam vel, ullamcorper sit amet ligula. Vivamus suscipit tortor eget felis porttitor volutpat.","dead","2017-02-20","2017-02-15","Curae; Donec velit neque, auctor sit amet aliquam vel, ullamcorper sit amet ligula. Vivamus suscipit tortor eget felis porttitor volutpat.","d6564fffd50d7eb8601260a699366200.jpg","d6564fffd50d7eb8601260a699366200_thumb.jpg","user@gmail.com","cba1f2d695a5ca39ee6f343297a761a4","New","User ","customer","0","active","male","Blk 5. Lot 56 villa Espana 2 Tatalon","2147483647",
"3","4","master pet","2009-02-10","Canine","Pusakal","female","orange","Cras ultricies ligula sed magna dictum porta. Curabitur non nulla sit amet nisl tempus convallis quis ac lectus. Cras ultricies ligula sed magna dictum porta. Vivamus suscipit tortor eget felis porttitor volutpat. Lorem ipsum dolor sit amet, consectetur adipiscing elit. Vivamus suscipit tortor eget felis porttitor volutpat. Donec rutrum congue leo eget malesuada. Vivamus suscipit tortor eget felis porttitor volutpat. Vestibulum ante ipsum primis in faucibus orci luctus et ultrices posuere cubilia Curae; Donec velit neque, auctor sit amet aliquam vel, ullamcorper sit amet ligula. Vivamus suscipit tortor eget felis porttitor volutpat.","dead","2017-02-20","2017-02-15","Curae; Donec velit neque, auctor sit amet aliquam vel, ullamcorper sit amet ligula. Vivamus suscipit tortor eget felis porttitor volutpat.","433a4ababd5fb4b766c187e32b9f7d62.jpg","433a4ababd5fb4b766c187e32b9f7d62_thumb.jpg","customer@vet.com","8c64f359ea5615f35ff0007eda9387aa","User","Customer","customer","0","active","male","Blk 5. Lot 56 villa Espana 2
Tatalon","2147483647",
"4","4","mistress pet 2","2009-02-10","Canine","Pusakal","female","orange","Cras ultricies ligula sed magna dictum porta. Curabitur non nulla sit amet nisl tempus convallis quis ac lectus. Cras ultricies ligula sed magna dictum porta. Vivamus suscipit tortor eget felis porttitor volutpat. Lorem ipsum dolor sit amet, consectetur adipiscing elit. Vivamus suscipit tortor eget felis porttitor volutpat. Donec rutrum congue leo eget malesuada. Vivamus suscipit tortor eget felis porttitor volutpat. Vestibulum ante ipsum primis in faucibus orci luctus et ultrices posuere cubilia Curae; Donec velit neque, auctor sit amet aliquam vel, ullamcorper sit amet ligula. Vivamus suscipit tortor eget felis porttitor volutpat.","active","2017-02-20","2017-02-15","Curae; Donec velit neque, auctor sit amet aliquam vel, ullamcorper sit amet ligula. Vivamus suscipit tortor eget felis porttitor volutpat.","433a4ababd5fb4b766c187e32b9f7d62.jpg","433a4ababd5fb4b766c187e32b9f7d62_thumb.jpg","customer@vet.com","8c64f359ea5615f35ff0007eda9387aa","User","Customer","customer","0","active","male","Blk 5. Lot 56 villa Espana 2
Tatalon","2147483647",
"5","4","doggee","2009-02-10","Feline","Pusakal","female","white","Cras ultricies ligula sed magna dictum porta. Curabitur non nulla sit amet nisl tempus convallis quis ac lectus. Cras ultricies ligula sed magna dictum porta. Vivamus suscipit tortor eget felis porttitor volutpat. Lorem ipsum dolor sit amet, consectetur adipiscing elit. Vivamus suscipit tortor eget felis porttitor volutpat. Donec rutrum congue leo eget malesuada. Vivamus suscipit tortor eget felis porttitor volutpat. Vestibulum ante ipsum primis in faucibus orci luctus et ultrices posuere cubilia Curae; Donec velit neque, auctor sit amet aliquam vel, ullamcorper sit amet ligula. Vivamus suscipit tortor eget felis porttitor volutpat.","active","2017-02-20","2017-02-15","Curae; Donec velit neque, auctor sit amet aliquam vel, ullamcorper sit amet ligula. Vivamus suscipit tortor eget felis porttitor volutpat.","433a4ababd5fb4b766c187e32b9f7d62.jpg","433a4ababd5fb4b766c187e32b9f7d62_thumb.jpg","customer@vet.com","8c64f359ea5615f35ff0007eda9387aa","User","Customer","customer","0","active","male","Blk 5. Lot 56 villa Espana 2
Tatalon","2147483647",
"9","2","YukieChan","2010-02-10","Feline","Japanese","female","Yellow","Vestibulum ac diam sit amet quam vehicula elementum sed sit amet dui. Proin eget tortor risus. Curabitur non nulla sit amet nisl tempus convallis quis ac lectus.","active","2017-02-21","0000-00-00","","46769499804913d78edf24ef7f526e18.jpg","46769499804913d78edf24ef7f526e18_thumb.jpg","user@gmail.com","cba1f2d695a5ca39ee6f343297a761a4","New","User ","customer","0","active","male","Blk 5. Lot 56 villa Espana 2 Tatalon","2147483647",
"10","2","Dogge","2017-02-22","Canine","Shiba","male","Orange Brown","Super popular","released","2017-02-22","0000-00-00","","e4430f395df3461abb8e6f24ec07ff08.jpg","e4430f395df3461abb8e6f24ec07ff08_thumb.jpg","user@gmail.com","cba1f2d695a5ca39ee6f343297a761a4","New","User ","customer","0","active","male","Blk 5. Lot 56 villa Espana 2 Tatalon","2147483647",
